requirement_id,completeness_std,correctness_std,hallucination_std,avg_std
REQ-01,0.542,0.678,0.419,0.5463333333333334
REQ-05,0.522,0.575,0.5,0.5323333333333333
REQ-11,0.297,0.901,0.388,0.5286666666666666
REQ-04,0.34,0.789,0.438,0.5223333333333333
REQ-03,0.37,0.792,0.182,0.44799999999999995
REQ-09,0.307,0.727,0.304,0.446
REQ-02,0.394,0.489,0.245,0.37600000000000006
REQ-13,0.174,0.615,0.192,0.32699999999999996
REQ-10,0.019,0.233,0.105,0.119
