metric,H_statistic,p_value,significant,n_groups
f1_score,159.08226969946858,2.8557754146471423e-35,True,3
precision,35.001838254229256,2.5086922886495822e-08,True,3
recall,182.6818256475582,2.1436090831901982e-40,True,3
completeness_score,2.8599297523330423,0.23931732783810694,False,3
correctness_score,10.928406910373164,0.004235713639374552,True,3
hallucination_score,35.54366739349311,1.9133335735378934e-08,True,3
